calc_id,title,value,unit,mdn_ref,mdn_value,status,formula,inputs
CALC-01,Exhaust velocity,20594,m/s,,,NEW,v_e = Isp * g0,"isp=2,100 s [A-17]; g0=9.807 m/s^2 [constant]"
CALC-02,Design delta-v per leg,2.64,km/s,"A-06, §5.2, §6.2",2.64,MATCH,dv = dv_base * (1 + margin),"dv_per_leg_base=2,400 m/s [A-06]; dv_margin=0.1 - [A-06]"
CALC-03,EP input power at reference thrust,18.0197,kW,"§1.2, §5.2, A-17 (~18 kW)",18.0,MATCH,P = T * v_e / (2 * eta),"thrust=1.050 N [A-17]; Exhaust velocity=20,594 m/s [CALC-01]; thruster_efficiency=0.6 - [§6.3]"
CALC-04,Propellant mass flow,50.9858,mg/s,,,NEW,mdot = T / v_e,"thrust=1.050 N [A-17]; Exhaust velocity=20,594 m/s [CALC-01]"
CALC-05,Return-leg propellant,0.875342,t,,,NEW,"m_p,ret = (m_dry + m_cargo,ret) * (exp(dv / v_e) - 1)","cargo_outbound=5,000 kg [A-01]; cargo_return=500.0 kg [A-02]; dry_mass=5,900 kg [A-10]; isp=2,100 s [A-17]; thrust=1.050 N [A-17]; duty_cycle=0.85 - [A-17]; Design delta-v per leg=2.640 km/s [CALC-02]"
CALC-06,Outbound-leg propellant,1.61054,t,,,NEW,"m_p,out = (m_dry + m_cargo,out + m_p,ret) * (exp(dv / v_e) - 1)","cargo_outbound=5,000 kg [A-01]; cargo_return=500.0 kg [A-02]; dry_mass=5,900 kg [A-10]; isp=2,100 s [A-17]; thrust=1.050 N [A-17]; duty_cycle=0.85 - [A-17]; Design delta-v per leg=2.640 km/s [CALC-02]; Return-leg propellant=0.8753 t [CALC-05]"
CALC-07,Propellant per round trip,2.48588,t,"A-10, §5.2, SYS-REQ-004 (~2.5 t)",2.5,MATCH,"m_p = m_p,out + m_p,ret",Outbound-leg propellant=1.611 t [CALC-06]; Return-leg propellant=0.8753 t [CALC-05]
CALC-08,Tug mass at departure from staging orbit,13.3859,t,,,NEW,"m_0 = m_dry + m_cargo,out + m_p","cargo_outbound=5,000 kg [A-01]; cargo_return=500.0 kg [A-02]; dry_mass=5,900 kg [A-10]; isp=2,100 s [A-17]; thrust=1.050 N [A-17]; duty_cycle=0.85 - [A-17]; Propellant per round trip=2.486 t [CALC-07]"
CALC-09,Outbound transfer time,430.12,days,"§5.2, §6.2, §6.3 (~430 d)",430.0,MATCH,"t_out = m_p,out / mdot / duty_cycle","cargo_outbound=5,000 kg [A-01]; cargo_return=500.0 kg [A-02]; dry_mass=5,900 kg [A-10]; isp=2,100 s [A-17]; thrust=1.050 N [A-17]; duty_cycle=0.85 - [A-17]; Outbound-leg propellant=1.611 t [CALC-06]"
CALC-10,Return transfer time,233.774,days,"§5.2, §6.2, §6.3 (~234 d)",234.0,MATCH,"t_ret = m_p,ret / mdot / duty_cycle","cargo_outbound=5,000 kg [A-01]; cargo_return=500.0 kg [A-02]; dry_mass=5,900 kg [A-10]; isp=2,100 s [A-17]; thrust=1.050 N [A-17]; duty_cycle=0.85 - [A-17]; Return-leg propellant=0.8753 t [CALC-05]"
CALC-11,Round-trip duration,1.98191,years,"§1.2, §5.2, §6.3 (~2.0 yr)",2.0,MATCH,t_rt = (t_out + t_ret + t_ends) / 365.25,Outbound transfer time=430.1 days [CALC-09]; Return transfer time=233.8 days [CALC-10]; end_time_per_round_trip=60.0 days [A-18]
CALC-12,Round trips in design life,7,trips,"§1.2, A-03, §6.3 (7)",7.0,MATCH,N = floor(L / t_rt),Round-trip duration=1.982 years [CALC-11]; design_life=15.0 years [A-03]
CALC-13,Launch mass needed per round trip,7.48588,t,"C-1, A-10 (~7.5 t)",7.5,MATCH,"m_launch = m_cargo,out + m_p","cargo_outbound=5,000 kg [A-01]; Propellant per round trip=2.486 t [CALC-07]"
CALC-14,Unused Ariane 64 GTO capacity per trip,4.01412,t,C-1 (~4.0 t),4.0,MATCH,margin = C_GTO - m_launch,"launcher_gto_capacity=11,500 kg [C-1]; Launch mass needed per round trip=7.486 t [CALC-13]"
CALC-15,"Max cargo per Ariane 64 (GTO, NRHO destination)",8.53115,t,"A-01, A-10, D-10 (~8.5 t)",8.5,MATCH,solve m_cargo + m_p(m_cargo) = C_GTO,"cargo_outbound=5,000 kg [A-01]; cargo_return=500.0 kg [A-02]; dry_mass=5,900 kg [A-10]; isp=2,100 s [A-17]; thrust=1.050 N [A-17]; duty_cycle=0.85 - [A-17]; launcher_gto_capacity=11,500 kg [C-1]"
CALC-16,Ariane 64 direct capacity to lunar transfer orbit,8.6,t,D-09 (~8.6 t),8.6,MATCH,input (direct-launch baseline for Step 4),"launcher_lto_capacity=8,600 kg [D-09]"
CALC-17,"Propellant per round trip, delta-v sensitivity case",3.32293,t,A-10 (3.3 t),3.3,MATCH,as CALC-07 with dv = dv_sens * (1 + margin),"cargo_outbound=5,000 kg [A-01]; cargo_return=500.0 kg [A-02]; dry_mass=5,900 kg [A-10]; isp=2,100 s [A-17]; thrust=1.050 N [A-17]; duty_cycle=0.85 - [A-17]; dv_per_leg_sensitivity_base=3,100 m/s [A-06]; dv_margin=0.1 - [A-06]"
CALC-18,"Round trips in life, delta-v sensitivity case",5,trips,,,NEW,as CALC-12 with dv = dv_sens * (1 + margin),"dv_per_leg_sensitivity_base=3,100 m/s [A-06]"
CALC-19,Extra delta-v per leg NRHO to LLO (estimate),1.6335,km/s,"§6.1 item 5, D-10 (~1.6 km/s)",1.6,MATCH,dv_extra ~ v_circ(LLO) = sqrt(mu_moon / (R_moon + h)),llo_altitude=100.0 km [D-10]
CALC-20,Max cargo per Ariane 64 if the destination were LLO,6.58894,t,"§6.1 item 5, D-10 (6.6 t)",6.6,MATCH,as CALC-15 with dv = (dv_base + dv_extra) * (1 + margin),"Max cargo per Ariane 64 (GTO, NRHO destination)=8.531 t [CALC-15]; Extra delta-v per leg NRHO to LLO (estimate)=1.634 km/s [CALC-19]; dv_margin=0.1 - [A-06]"
CALC-21,LLO orbital period,117.791,min,§5.1 item 3 (~118 min),118.0,MATCH,T = 2 pi sqrt(r^3 / mu_moon),llo_altitude=100.0 km [D-10]
CALC-22,LLO worst-case eclipse per orbit,46.4685,min,§5.1 item 3 (~46 min),46.0,MATCH,"t_ecl = T * asin(R_moon / r) / pi  (beta = 0, cylindrical shadow)",llo_altitude=100.0 km [D-10]; LLO orbital period=117.8 min [CALC-21]
CALC-23,LEO-to-GEO delta-v relative to GTO-to-NRHO,2.5,-,"D-02, §6.1 item 4 (more than twice)",,NEW,ratio = dv(LEO->GEO) / dv(GTO->NRHO),"leo_to_geo_dv=6,000 m/s [D-02]; dv_per_leg_base=2,400 m/s [A-06]"
CALC-24,EP power for 10 round trips in 15 years,24.521,kW,"§1.2, A-03, §6.3",25.0,MATCH,"solve t_rt(T) = years * 365.25 / trips, then P = T * v_e / (2 * eta)","cargo_outbound=5,000 kg [A-01]; cargo_return=500.0 kg [A-02]; dry_mass=5,900 kg [A-10]; isp=2,100 s [A-17]; thrust=1.050 N [A-17]; duty_cycle=0.85 - [A-17]; thruster_efficiency=0.6 - [§6.3]; end_time_per_round_trip=60.0 days [A-18]"
CALC-25,EP power for 8 round trips in 10 years,30.1672,kW,"§1.2, A-03, §6.3",30.0,MATCH,"solve t_rt(T) = years * 365.25 / trips, then P = T * v_e / (2 * eta)","cargo_outbound=5,000 kg [A-01]; cargo_return=500.0 kg [A-02]; dry_mass=5,900 kg [A-10]; isp=2,100 s [A-17]; thrust=1.050 N [A-17]; duty_cycle=0.85 - [A-17]; thruster_efficiency=0.6 - [§6.3]; end_time_per_round_trip=60.0 days [A-18]"
CALC-26,Xenon throughput of one 12 kW-class thruster over rated life,1.92572,t,"§5.2 (~2,000 kg, own estimate)",2.0,MATCH,m_xe = (2 * eta * P / v_e) / v_e * life,"thruster_unit_power=12,000 W [§5.2]; thruster_unit_isp=2,600 s [§5.2]; thruster_unit_efficiency=0.63 - [§5.2]; thruster_rated_life=23,000 hours [§5.2]"
CALC-27,Xenon processed over the design life,17.4012,t,,,NEW,m_life = m_p * N,Propellant per round trip=2.486 t [CALC-07]; Round trips in design life=7.000 trips [CALC-12]
CALC-28,Thruster lifetimes consumed over the design life,9.03617,-,,,NEW,"n = m_life / m_xe,unit",Xenon processed over the design life=17.4 t [CALC-27]; Xenon throughput of one 12 kW-class thruster over rated life=1.926 t [CALC-26]
VAL-01,Rimani et al. tug: thrusting time at 1.05 N,339.615,days,§6.1 item 1 (340 d own check; paper: 364 d elapsed),340.0,MATCH,t = m_0 * (1 - exp(-dv / v_e)) / mdot,"rimani_initial_mass=13,600 kg [§6.1]; rimani_dv=2,400 m/s [§6.1]; rimani_isp=2,100 s [§6.1]; rimani_thrust=1.050 N [§6.1]"
VAL-02,Gateway PPE thrusting duty cycle,0.832898,-,A-17 (85%),0.85,MATCH,duty = t_thrust / t_transfer,ppe_thrusting_time=319.0 days [§6.1]; ppe_transfer_time=383.0 days [§6.1]
VAL-03,SMART-1 xenon predicted by the rocket equation,79.7465,kg,§6.1 item 3 (82 kg flown),82.0,MATCH,m_p = m_0 * (1 - exp(-dv / v_e)),"smart1_launch_mass=367.0 kg [§6.1]; smart1_dv=3,700 m/s [§6.1]; smart1_isp=1,540 s [§6.1]"
